"min_height","max_height","min_weight","max_weight","min_expectancy","max_expectancy"
22.86,29.21,3.17514659,4.5359237,12,15
63.5,68.58,22.6796185,27.2155422,12,15
60.96,71.12,31.7514659,58.9670081,10,13
58.42,63.5,34.01942775,38.55535145,10,14
50.8,63.5,27.2155422,45.359237,10,12
58.42,66.04,20.41165665,29.48350405,11,12
22.86,48.26,2.72155422,15.87573295,13,15
53.34,63.5,27.2155422,31.7514659,11,13
30.48,40.64,5.44310844,7.25747792,14,16
53.34,68.58,20.41165665,31.7514659,12,15
43.18,48.26,18.1436948,31.7514659,12,16
38.1,45.72,11.33980925,20.41165665,10,14
68.58,73.66,36.2873896,68.0388555,11,13
48.26,55.88,21.77243376,31.7514659,12,15
43.18,50.8,15.87573295,22.6796185,12,16
45.72,58.42,18.1436948,29.48350405,12,15
43.18,50.8,14.51495584,20.41165665,12,15
25.4,27.94,6.80388555,9.0718474,11,15
59.69,73.66,14.96854821,24.94758035,12,15
48.26,62.23,15.87573295,29.48350405,12,14
40.64,43.18,9.97903214,10.88621688,13,14
43.18,52.07,16.78291769,29.93709642,12,15
33.02,38.1,5.89670081,13.6077711,10,15
50.8,55.88,20.41165665,24.94758035,12,14
60.96,69.85,31.7514659,49.8951607,10,12
38.1,44.45,7.71107029,10.43262451,11,16
55.88,66.04,24.94758035,29.48350405,10,12
55.88,66.04,18.1436948,36.2873896,14,16
55.88,66.04,20.41165665,34.01942775,12,14
55.88,66.04,20.41165665,34.01942775,12,14
55.88,59.69,25.85476509,38.10175908,13,15
54.61,64.77,22.6796185,31.7514659,12,13
58.42,69.85,31.7514659,52.16312255,7,10
24.13,29.21,5.44310844,8.16466266,14,15
58.42,68.58,29.48350405,49.8951607,10,12
66.04,76.2,36.2873896,58.9670081,10,12
58.42,68.58,36.2873896,49.8951607,10,12
53.34,68.58,20.41165665,36.2873896,11,12
55.88,68.58,68.0388555,90.718474,9,11
49.022,55.118,16.78291769,27.2155422,12,15
25.4,30.48,2.494758035,4.08233133,12,14
45.72,55.88,13.6077711,24.94758035,12,15
30.48,38.1,5.216312255,7.030681735,12,15
66.04,71.12,27.2155422,47.62719885,9,14
38.1,43.18,5.44310844,11.33980925,11,13
59.69,69.85,31.7514659,49.8951607,10,12
54.61,63.5,6.80388555,36.2873896,10,12
35.56,45.72,11.33980925,18.1436948,10,15
53.34,68.58,24.94758035,40.8233133,10,14
48.26,57.15,15.87573295,24.04039561,10,12
44.45,52.07,13.6077711,18.1436948,12,14
69.85,74.93,40.8233133,68.0388555,8,10
17.78,25.4,3.62873896,4.5359237,12,15
53.34,55.88,22.6796185,31.7514659,12,13
35.56,38.1,18.1436948,22.6796185,8,10
60.96,68.58,45.359237,58.9670081,7,9
24.13,25.4,5.89670081,6.35029318,13,15
48.26,60.96,15.87573295,24.94758035,12,15
26.67,31.75,11.33980925,17.23651006,12,15
55.88,60.96,22.6796185,43.09127515,10,14
58.42,76.2,44.90564463,77.1107029,10,12
30.48,33.02,5.89670081,8.16466266,12,15
25.4,33.02,6.35029318,10.88621688,12,15
53.34,66.04,24.94758035,36.2873896,10,13
27.94,33.02,3.62873896,5.44310844,13,18
45.72,50.8,20.41165665,27.2155422,8,12
55.88,66.04,22.6796185,40.8233133,12,15
43.18,50.8,20.41165665,31.7514659,8,12
41.91,49.53,7.71107029,11.79340162,12,14
43.18,50.8,24.94758035,38.55535145,10,12
34.29,39.37,9.0718474,13.6077711,10,14
55.88,66.04,22.6796185,34.01942775,12,14
22.86,27.94,3.62873896,6.80388555,15,19
40.64,50.8,13.15417873,19.95806428,13,14
58.42,68.58,27.2155422,43.09127515,10,12
59.69,64.77,19.95806428,25.85476509,10,15
12.7,22.86,4.98951607,14.51495584,12,16
48.26,60.96,20.41165665,31.7514659,11,13
20.32,27.94,8.16466266,10.88621688,12,15
31.75,36.83,6.80388555,9.0718474,11,13
45.72,53.34,18.1436948,24.94758035,12,14
60.96,71.12,27.2155422,45.359237,10,12
60.96,67.31,39.91612856,45.359237,9,15
58.42,66.04,44.90564463,49.8951607,5,8
53.34,63.5,21.77243376,33.11224301,11,14
54.61,62.23,19.05087954,34.01942775,11,14
38.1,43.18,11.79340162,15.42214058,12,14
48.26,50.8,18.1436948,22.6796185,12,14
22.86,25.4,3.62873896,6.35029318,10,12
40.64,53.34,18.1436948,29.48350405,11,13
62.23,73.66,34.92661249,59.87419284,10,14
48.26,60.96,18.1436948,31.7514659,12,16
43.18,45.72,15.87573295,22.6796185,12,13
40.64,53.34,14.96854821,24.04039561,12,15
39.37,50.8,9.0718474,14.96854821,13,15
55.88,62.23,27.2155422,31.7514659,8,10
54.61,60.96,22.6796185,27.2155422,10,12
55.88,71.12,24.94758035,36.2873896,12,14
43.18,50.8,11.33980925,20.41165665,12,14
55.88,66.04,22.6796185,40.8233133,7,10
53.34,63.5,20.41165665,31.7514659,10,12
30.48,38.1,10.88621688,11.79340162,13,15
55.88,66.04,22.6796185,31.7514659,14,16
59.69,69.85,24.94758035,38.55535145,12,15
31.75,35.56,14.51495584,18.1436948,10,15
54.61,60.96,24.94758035,34.01942775,10,12
58.42,68.58,20.41165665,36.2873896,12,13
39.37,45.72,18.1436948,20.41165665,13,15
71.12,81.28,49.8951607,79.37866475,7,10
63.5,81.28,38.55535145,45.359237,10,12
59.69,72.39,38.55535145,63.5029318,8,11
68.58,76.2,27.2155422,31.7514659,10,13
48.26,60.96,18.1436948,34.01942775,14,17
48.26,53.34,35.83379723,44.90564463,10,14
48.26,53.34,20.41165665,27.2155422,12,15
21.59,29.21,3.17514659,5.89670081,14,16
45.72,50.8,19.95806428,29.93709642,12,15
58.42,71.12,29.48350405,40.8233133,10,14
57.15,69.85,20.41165665,22.6796185,11,14
41.91,45.72,11.33980925,13.6077711,12,14
57.15,66.04,15.87573295,27.2155422,11,15
63.5,68.58,27.2155422,31.7514659,12,15
53.34,60.96,20.41165665,30.84428116,12,13
76.2,81.28,47.62719885,54.4310844,6,8
33.02,38.1,3.17514659,6.35029318,14,15
33.02,40.64,7.71107029,9.97903214,10,12
20.32,27.94,3.17514659,4.98951607,10,12
30.48,38.1,4.5359237,11.33980925,12,14
39.37,49.53,9.0718474,18.1436948,12,15
48.26,59.69,19.95806428,22.22602613,11,13
43.18,45.72,15.87573295,20.41165665,12,15
44.45,49.53,14.96854821,18.1436948,12,15
43.18,55.88,13.6077711,27.2155422,11,13
64.77,69.85,36.2873896,45.359237,10,12
38.1,45.72,9.0718474,15.87573295,13,15
66.04,76.2,31.7514659,52.16312255,10,12
54.61,62.23,24.94758035,36.2873896,10,12
40.64,48.26,10.88621688,15.87573295,15,17
25.4,30.48,4.08233133,7.71107029,12,15
25.4,27.94,5.44310844,8.16466266,12,15
38.1,40.64,5.44310844,9.97903214,15,17
69.85,76.2,54.4310844,104.3262451,6,10
33.02,45.72,9.0718474,18.1436948,12,13
25.4,35.56,8.16466266,12.70058636,11,13
25.4,31.75,3.62873896,4.5359237,12,16
30.48,35.56,4.98951607,9.0718474,12,15
40.64,66.04,13.6077711,27.2155422,10,13
38.1,46.99,8.16466266,13.15417873,12,14
60.96,78.74,49.8951607,68.0388555,7,9
35.56,43.18,9.0718474,13.6077711,12,15
66.04,71.12,45.359237,68.0388555,9,10
22.86,25.4,4.98951607,5.44310844,12,16
41.91,45.72,9.0718474,13.6077711,14,17
40.64,46.99,11.79340162,18.1436948,12,15
49.53,52.07,21.77243376,24.94758035,12,15
30.48,38.1,9.0718474,13.6077711,12,15
43.18,53.34,15.87573295,22.6796185,12,14
53.34,55.88,27.2155422,45.359237,10,12
60.96,68.58,36.2873896,52.16312255,10,13
20.32,27.94,2.26796185,4.5359237,14,16
33.02,35.56,5.89670081,7.71107029,13,15
25.4,30.48,12.70058636,13.6077711,12,13
55.88,66.04,38.10175908,49.8951607,9,11
24.765,65.405,3.855535145,24.94758035,12,14
33.02,38.1,11.33980925,18.1436948,12,14
53.34,63.5,20.41165665,24.94758035,12,14
50.8,63.5,18.1436948,27.2155422,12,14
58.42,71.12,20.41165665,34.01942775,12,17
43.18,50.8,13.6077711,22.6796185,12,14
15.24,17.78,1.36077711,3.17514659,12,16
25.4,38.1,4.5359237,6.80388555,10,18
55.88,58.42,24.94758035,28.12272694,12,13
40.64,71.12,15.87573295,29.93709642,10,12
20.32,30.48,4.08233133,5.89670081,12,15
41.91,54.61,17.009713875,26.76194983,12,13
43.18,58.42,15.87573295,27.2155422,11,13
25.4,33.02,6.35029318,8.16466266,13,15
40.64,43.18,11.33980925,15.87573295,10,15
38.1,46.99,9.97903214,13.15417873,12,13
63.5,78.74,54.4310844,108.8621688,10,13
63.5,73.66,34.92661249,59.87419284,12,14
25.4,45.72,4.5359237,11.33980925,12,18
53.34,68.58,20.41165665,31.7514659,12,15
57.15,73.66,45.359237,58.9670081,12,14
55.88,68.58,36.2873896,61.23496995,9,10
25.4,30.48,4.08233133,6.80388555,12,14
22.86,25.4,2.041165665,4.98951607,12,16
66.04,76.2,54.4310844,81.6466266,8,10
58.42,71.12,18.1436948,29.48350405,10,17
48.26,59.69,15.87573295,29.48350405,12,14
40.64,50.8,11.79340162,24.94758035,12,15
25.4,33.02,4.5359237,7.25747792,12,14
71.12,81.28,34.01942775,49.8951607,8,11
48.26,58.42,18.1436948,27.2155422,11,13
33.02,40.64,6.80388555,11.33980925,12,14
34.29,41.91,7.71107029,10.43262451,13,16
22.86,26.67,4.08233133,7.25747792,10,18
43.18,55.88,15.87573295,24.94758035,10,12
50.8,59.69,15.87573295,27.2155422,12,14
24.13,25.4,15.87573295,20.41165665,12,14
60.96,73.66,15.87573295,22.6796185,10,15
57.15,67.31,22.6796185,29.48350405,12,15
58.42,69.85,30.84428116,43.99845989,11,13
40.64,50.8,14.96854821,19.95806428,12,13
52.07,53.34,18.1436948,27.2155422,12,14
43.18,48.26,13.6077711,18.1436948,12,14
71.12,88.9,63.5029318,90.718474,10,12
40.005,50.165,14.06136347,22.22602613,12,14
48.26,53.34,18.1436948,27.2155422,13,15
35.56,40.64,10.88621688,17.23651006,12,14
44.45,49.53,13.6077711,22.6796185,13,16
33.02,38.1,15.87573295,20.41165665,13,15
40.64,50.8,13.6077711,20.41165665,12,14
29.21,34.925,9.0718474,15.87573295,12,15
43.18,50.8,11.79340162,18.1436948,9,13
20.32,38.1,3.62873896,11.33980925,14,16
50.8,60.96,15.87573295,34.01942775,12,13
60.96,66.04,31.7514659,68.0388555,10,12
35.56,43.18,8.16466266,13.6077711,15,16
58.42,71.12,28.12272694,49.8951607,12,14
54.61,59.69,45.359237,90.718474,10,12
21.59,29.21,1.587573295,3.17514659,13,15
40.64,60.96,13.6077711,22.6796185,10,12
50.8,68.58,22.6796185,31.7514659,12,13
53.34,60.96,19.95806428,27.2155422,12,14
58.42,68.58,24.94758035,40.8233133,10,13
43.18,48.26,15.87573295,24.94758035,12,15
25.4,27.94,6.80388555,9.0718474,13,15
45.72,55.88,11.33980925,18.1436948,12,15
50.8,60.96,15.87573295,31.7514659,12,15
54.61,63.5,20.41165665,29.48350405,12,14
48.26,63.5,12.70058636,27.2155422,12,15
25.4,58.42,4.5359237,24.94758035,13,18
53.34,58.42,18.1436948,24.94758035,10,12
